--------------------------------------------------------
--  파일이 생성됨 - 화요일-2월-06-2024   
--------------------------------------------------------
--------------------------------------------------------
--  DDL for Table ES_COMMENT
--------------------------------------------------------

  CREATE TABLE "SYSTEM"."ES_COMMENT" 
   (	"TITLE" VARCHAR2(100 BYTE), 
	"CONTENT" CLOB, 
	"USER_ID" VARCHAR2(30 BYTE), 
	"POST_DATE" TIMESTAMP (6), 
	"LAST_MODIFIED_DATE" TIMESTAMP (6), 
	"NICKNAME" VARCHAR2(40 BYTE), 
	"CMT_ID" NUMBER, 
	"POST_ID" NUMBER
   ) PCTFREE 10 PCTUSED 40 INITRANS 1 MAXTRANS 255 
 NOCOMPRESS LOGGING
  STORAGE(INITIAL 65536 NEXT 1048576 MINEXTENTS 1 MAXEXTENTS 2147483645
  PCTINCREASE 0 FREELISTS 1 FREELIST GROUPS 1
  BUFFER_POOL DEFAULT FLASH_CACHE DEFAULT CELL_FLASH_CACHE DEFAULT)
  TABLESPACE "SYSTEM" 
 LOB ("CONTENT") STORE AS BASICFILE (
  TABLESPACE "SYSTEM" ENABLE STORAGE IN ROW CHUNK 8192 RETENTION 
  NOCACHE LOGGING 
  STORAGE(INITIAL 65536 NEXT 1048576 MINEXTENTS 1 MAXEXTENTS 2147483645
  PCTINCREASE 0 FREELISTS 1 FREELIST GROUPS 1
  BUFFER_POOL DEFAULT FLASH_CACHE DEFAULT CELL_FLASH_CACHE DEFAULT)) ;
--------------------------------------------------------
--  DDL for Table ES_NOTICE
--------------------------------------------------------

  CREATE TABLE "SYSTEM"."ES_NOTICE" 
   (	"POST_ID" NUMBER, 
	"TITLE" VARCHAR2(100 BYTE), 
	"CONTENT" CLOB, 
	"USER_ID" VARCHAR2(30 BYTE), 
	"POST_DATE" TIMESTAMP (6) DEFAULT CURRENT_TIMESTAMP, 
	"LAST_MODIFIED_DATE" TIMESTAMP (6) DEFAULT CURRENT_TIMESTAMP, 
	"NICKNAME" VARCHAR2(40 BYTE)
   ) PCTFREE 10 PCTUSED 40 INITRANS 1 MAXTRANS 255 
 NOCOMPRESS LOGGING
  STORAGE(INITIAL 65536 NEXT 1048576 MINEXTENTS 1 MAXEXTENTS 2147483645
  PCTINCREASE 0 FREELISTS 1 FREELIST GROUPS 1
  BUFFER_POOL DEFAULT FLASH_CACHE DEFAULT CELL_FLASH_CACHE DEFAULT)
  TABLESPACE "SYSTEM" 
 LOB ("CONTENT") STORE AS BASICFILE (
  TABLESPACE "SYSTEM" ENABLE STORAGE IN ROW CHUNK 8192 RETENTION 
  NOCACHE LOGGING 
  STORAGE(INITIAL 65536 NEXT 1048576 MINEXTENTS 1 MAXEXTENTS 2147483645
  PCTINCREASE 0 FREELISTS 1 FREELIST GROUPS 1
  BUFFER_POOL DEFAULT FLASH_CACHE DEFAULT CELL_FLASH_CACHE DEFAULT)) ;
--------------------------------------------------------
--  DDL for Table ES_SERVICE
--------------------------------------------------------

  CREATE TABLE "SYSTEM"."ES_SERVICE" 
   (	"POST_ID" NUMBER, 
	"TITLE" VARCHAR2(100 BYTE), 
	"CONTENT" CLOB, 
	"USER_ID" VARCHAR2(30 BYTE), 
	"POST_DATE" TIMESTAMP (6) DEFAULT CURRENT_TIMESTAMP, 
	"LAST_MODIFIED_DATE" TIMESTAMP (6) DEFAULT CURRENT_TIMESTAMP, 
	"STATUS" VARCHAR2(20 BYTE) DEFAULT '처리전', 
	"INQUIRY_TYPE" VARCHAR2(50 BYTE), 
	"NICKNAME" VARCHAR2(40 BYTE)
   ) PCTFREE 10 PCTUSED 40 INITRANS 1 MAXTRANS 255 
 NOCOMPRESS LOGGING
  STORAGE(INITIAL 65536 NEXT 1048576 MINEXTENTS 1 MAXEXTENTS 2147483645
  PCTINCREASE 0 FREELISTS 1 FREELIST GROUPS 1
  BUFFER_POOL DEFAULT FLASH_CACHE DEFAULT CELL_FLASH_CACHE DEFAULT)
  TABLESPACE "SYSTEM" 
 LOB ("CONTENT") STORE AS BASICFILE (
  TABLESPACE "SYSTEM" ENABLE STORAGE IN ROW CHUNK 8192 RETENTION 
  NOCACHE LOGGING 
  STORAGE(INITIAL 65536 NEXT 1048576 MINEXTENTS 1 MAXEXTENTS 2147483645
  PCTINCREASE 0 FREELISTS 1 FREELIST GROUPS 1
  BUFFER_POOL DEFAULT FLASH_CACHE DEFAULT CELL_FLASH_CACHE DEFAULT)) ;
--------------------------------------------------------
--  DDL for Table ES_USER
--------------------------------------------------------

  CREATE TABLE "SYSTEM"."ES_USER" 
   (	"USER_ID" VARCHAR2(30 BYTE), 
	"USER_NAME" VARCHAR2(50 BYTE), 
	"BIRTH_DATE" VARCHAR2(10 BYTE), 
	"GENDER" VARCHAR2(10 BYTE), 
	"PWD" VARCHAR2(25 BYTE), 
	"EMAIL" VARCHAR2(50 BYTE), 
	"NICKNAME" VARCHAR2(50 BYTE), 
	"ADDR" VARCHAR2(255 BYTE), 
	"USER_TYPE" CHAR(1 BYTE) DEFAULT 'U', 
	"PHONE" VARCHAR2(15 BYTE), 
	"POSTADDR1" VARCHAR2(255 BYTE), 
	"POSTADDR2" VARCHAR2(255 BYTE), 
	"POSTADDR3" VARCHAR2(255 BYTE), 
	"PHONENUM1" VARCHAR2(20 BYTE), 
	"PHONENUM2" VARCHAR2(20 BYTE), 
	"PHONENUM3" VARCHAR2(20 BYTE), 
	"FAILCNT" VARCHAR2(20 BYTE) DEFAULT 0
   ) PCTFREE 10 PCTUSED 40 INITRANS 1 MAXTRANS 255 
 NOCOMPRESS LOGGING
  STORAGE(INITIAL 65536 NEXT 1048576 MINEXTENTS 1 MAXEXTENTS 2147483645
  PCTINCREASE 0 FREELISTS 1 FREELIST GROUPS 1
  BUFFER_POOL DEFAULT FLASH_CACHE DEFAULT CELL_FLASH_CACHE DEFAULT)
  TABLESPACE "SYSTEM" ;
REM INSERTING into SYSTEM.ES_COMMENT
SET DEFINE OFF;
Insert into SYSTEM.ES_COMMENT (TITLE,USER_ID,POST_DATE,LAST_MODIFIED_DATE,NICKNAME,CMT_ID,POST_ID) values ('답변이라구~','kakkakka',to_timestamp('24/02/06 11:36:16.000000000','RR/MM/DD HH24:MI:SSXFF'),to_timestamp('24/02/06 11:36:16.000000000','RR/MM/DD HH24:MI:SSXFF'),'3자리분할',4,2);
Insert into SYSTEM.ES_COMMENT (TITLE,USER_ID,POST_DATE,LAST_MODIFIED_DATE,NICKNAME,CMT_ID,POST_ID) values ('답병답병답병','kakkakka',to_timestamp('24/02/06 12:40:08.000000000','RR/MM/DD HH24:MI:SSXFF'),to_timestamp('24/02/06 12:40:08.000000000','RR/MM/DD HH24:MI:SSXFF'),'3자리분할',5,32);
Insert into SYSTEM.ES_COMMENT (TITLE,USER_ID,POST_DATE,LAST_MODIFIED_DATE,NICKNAME,CMT_ID,POST_ID) values ('사람인 사람이 올린 문의글에 대한 답변입니다.','kakkakka',to_timestamp('24/02/06 11:34:33.000000000','RR/MM/DD HH24:MI:SSXFF'),to_timestamp('24/02/06 11:34:33.000000000','RR/MM/DD HH24:MI:SSXFF'),'3자리분할',3,3);
Insert into SYSTEM.ES_COMMENT (TITLE,USER_ID,POST_DATE,LAST_MODIFIED_DATE,NICKNAME,CMT_ID,POST_ID) values ('12311321','asdfrg',to_timestamp('24/02/06 16:44:39.000000000','RR/MM/DD HH24:MI:SSXFF'),to_timestamp('24/02/06 16:44:39.000000000','RR/MM/DD HH24:MI:SSXFF'),'관리자',6,4);
Insert into SYSTEM.ES_COMMENT (TITLE,USER_ID,POST_DATE,LAST_MODIFIED_DATE,NICKNAME,CMT_ID,POST_ID) values ('집에 가셔도 좋습니다.','asdfrg',to_timestamp('24/02/06 16:53:53.000000000','RR/MM/DD HH24:MI:SSXFF'),to_timestamp('24/02/06 16:53:53.000000000','RR/MM/DD HH24:MI:SSXFF'),'관리자',7,39);
REM INSERTING into SYSTEM.ES_NOTICE
SET DEFINE OFF;
Insert into SYSTEM.ES_NOTICE (POST_ID,TITLE,USER_ID,POST_DATE,LAST_MODIFIED_DATE,NICKNAME) values (4,'주호민 특수 교사 항소 “주씨 사실 왜곡… 금전요구 발언 안 해”','kakkakka',to_timestamp('24/02/06 14:19:41.690000000','RR/MM/DD HH24:MI:SSXFF'),to_timestamp('24/02/06 14:19:41.690000000','RR/MM/DD HH24:MI:SSXFF'),'3자리분할');
Insert into SYSTEM.ES_NOTICE (POST_ID,TITLE,USER_ID,POST_DATE,LAST_MODIFIED_DATE,NICKNAME) values (5,'tset','asdfrg',to_timestamp('24/02/06 15:54:53.614000000','RR/MM/DD HH24:MI:SSXFF'),to_timestamp('24/02/06 15:54:53.614000000','RR/MM/DD HH24:MI:SSXFF'),'관리자');
Insert into SYSTEM.ES_NOTICE (POST_ID,TITLE,USER_ID,POST_DATE,LAST_MODIFIED_DATE,NICKNAME) values (10,'adsfsadadsfdsfaadsfsadadsfdsfaadsfsadadsfdsfaadsfs','asdfrg',to_timestamp('24/02/06 15:57:01.740000000','RR/MM/DD HH24:MI:SSXFF'),to_timestamp('24/02/06 15:57:01.740000000','RR/MM/DD HH24:MI:SSXFF'),'관리자');
Insert into SYSTEM.ES_NOTICE (POST_ID,TITLE,USER_ID,POST_DATE,LAST_MODIFIED_DATE,NICKNAME) values (11,'속보 ) 김은석 당장 집에 가고싶어.....','kakkakka',to_timestamp('24/02/06 17:18:37.808000000','RR/MM/DD HH24:MI:SSXFF'),to_timestamp('24/02/06 17:18:37.808000000','RR/MM/DD HH24:MI:SSXFF'),'3자리분할');
Insert into SYSTEM.ES_NOTICE (POST_ID,TITLE,USER_ID,POST_DATE,LAST_MODIFIED_DATE,NICKNAME) values (3,'정부 업무평가 ‘잼버리 책임’ 여가부·‘오송 참사’ 행복청 C등급','kakkakka',to_timestamp('24/02/06 13:14:34.754000000','RR/MM/DD HH24:MI:SSXFF'),to_timestamp('24/02/06 13:14:34.754000000','RR/MM/DD HH24:MI:SSXFF'),'3자리분할');
REM INSERTING into SYSTEM.ES_SERVICE
SET DEFINE OFF;
Insert into SYSTEM.ES_SERVICE (POST_ID,TITLE,USER_ID,POST_DATE,LAST_MODIFIED_DATE,STATUS,INQUIRY_TYPE,NICKNAME) values (39,'해줭~','admin',to_timestamp('24/02/06 11:57:04.084000000','RR/MM/DD HH24:MI:SSXFF'),to_timestamp('24/02/06 11:57:04.084000000','RR/MM/DD HH24:MI:SSXFF'),'처리완료','상품문의','사람인사람');
Insert into SYSTEM.ES_SERVICE (POST_ID,TITLE,USER_ID,POST_DATE,LAST_MODIFIED_DATE,STATUS,INQUIRY_TYPE,NICKNAME) values (2,'안녕안녀어어엉','human',to_timestamp('24/02/05 14:48:39.451000000','RR/MM/DD HH24:MI:SSXFF'),to_timestamp('24/02/05 14:48:39.451000000','RR/MM/DD HH24:MI:SSXFF'),'처리완료','상품문의','사람인사람');
Insert into SYSTEM.ES_SERVICE (POST_ID,TITLE,USER_ID,POST_DATE,LAST_MODIFIED_DATE,STATUS,INQUIRY_TYPE,NICKNAME) values (3,'안녕~~','human',to_timestamp('24/02/05 14:56:30.272000000','RR/MM/DD HH24:MI:SSXFF'),to_timestamp('24/02/05 14:56:30.272000000','RR/MM/DD HH24:MI:SSXFF'),'처리완료','상품문의','사람인사람');
Insert into SYSTEM.ES_SERVICE (POST_ID,TITLE,USER_ID,POST_DATE,LAST_MODIFIED_DATE,STATUS,INQUIRY_TYPE,NICKNAME) values (4,'상품문의 제목','human',to_timestamp('24/02/05 15:33:12.827000000','RR/MM/DD HH24:MI:SSXFF'),to_timestamp('24/02/05 15:33:12.827000000','RR/MM/DD HH24:MI:SSXFF'),'처리완료','상품문의','닉네임인영역');
Insert into SYSTEM.ES_SERVICE (POST_ID,TITLE,USER_ID,POST_DATE,LAST_MODIFIED_DATE,STATUS,INQUIRY_TYPE,NICKNAME) values (17,'더미 제목 12','kakkakka',to_timestamp('24/02/05 15:44:43.939000000','RR/MM/DD HH24:MI:SSXFF'),to_timestamp('24/02/05 15:44:43.939000000','RR/MM/DD HH24:MI:SSXFF'),'처리전','주문/결제 문의','3자리분할');
Insert into SYSTEM.ES_SERVICE (POST_ID,TITLE,USER_ID,POST_DATE,LAST_MODIFIED_DATE,STATUS,INQUIRY_TYPE,NICKNAME) values (31,'더미 제목 26','kakkakka',to_timestamp('24/02/05 15:44:43.940000000','RR/MM/DD HH24:MI:SSXFF'),to_timestamp('24/02/05 15:44:43.940000000','RR/MM/DD HH24:MI:SSXFF'),'처리전','주문/결제 문의','3자리분할');
Insert into SYSTEM.ES_SERVICE (POST_ID,TITLE,USER_ID,POST_DATE,LAST_MODIFIED_DATE,STATUS,INQUIRY_TYPE,NICKNAME) values (32,'더미 제목 27','kakkakka',to_timestamp('24/02/05 15:44:43.940000000','RR/MM/DD HH24:MI:SSXFF'),to_timestamp('24/02/05 15:44:43.940000000','RR/MM/DD HH24:MI:SSXFF'),'처리완료','주문/결제 문의','3자리분할');
Insert into SYSTEM.ES_SERVICE (POST_ID,TITLE,USER_ID,POST_DATE,LAST_MODIFIED_DATE,STATUS,INQUIRY_TYPE,NICKNAME) values (33,'더미 제목 28','kakkakka',to_timestamp('24/02/05 15:44:43.941000000','RR/MM/DD HH24:MI:SSXFF'),to_timestamp('24/02/05 15:44:43.941000000','RR/MM/DD HH24:MI:SSXFF'),'처리전','주문/결제 문의','3자리분할');
Insert into SYSTEM.ES_SERVICE (POST_ID,TITLE,USER_ID,POST_DATE,LAST_MODIFIED_DATE,STATUS,INQUIRY_TYPE,NICKNAME) values (34,'더미 제목 29','kakkakka',to_timestamp('24/02/05 15:44:43.941000000','RR/MM/DD HH24:MI:SSXFF'),to_timestamp('24/02/05 15:44:43.941000000','RR/MM/DD HH24:MI:SSXFF'),'처리전','주문/결제 문의','3자리분할');
Insert into SYSTEM.ES_SERVICE (POST_ID,TITLE,USER_ID,POST_DATE,LAST_MODIFIED_DATE,STATUS,INQUIRY_TYPE,NICKNAME) values (35,'더미 제목 30','kakkakka',to_timestamp('24/02/05 15:44:43.941000000','RR/MM/DD HH24:MI:SSXFF'),to_timestamp('24/02/05 15:44:43.941000000','RR/MM/DD HH24:MI:SSXFF'),'처리전','주문/결제 문의','3자리분할');
Insert into SYSTEM.ES_SERVICE (POST_ID,TITLE,USER_ID,POST_DATE,LAST_MODIFIED_DATE,STATUS,INQUIRY_TYPE,NICKNAME) values (36,'더미 제목 1','admin',to_timestamp('24/02/05 17:49:32.385000000','RR/MM/DD HH24:MI:SSXFF'),to_timestamp('24/02/05 17:49:32.385000000','RR/MM/DD HH24:MI:SSXFF'),'처리전','상품문의','사람인사람');
Insert into SYSTEM.ES_SERVICE (POST_ID,TITLE,USER_ID,POST_DATE,LAST_MODIFIED_DATE,STATUS,INQUIRY_TYPE,NICKNAME) values (38,'주문 결제에요','admin',to_timestamp('24/02/06 09:41:32.221000000','RR/MM/DD HH24:MI:SSXFF'),to_timestamp('24/02/06 09:41:32.221000000','RR/MM/DD HH24:MI:SSXFF'),'처리전','주문/결제 문의','사람인사람');
REM INSERTING into SYSTEM.ES_USER
SET DEFINE OFF;
Insert into SYSTEM.ES_USER (USER_ID,USER_NAME,BIRTH_DATE,GENDER,PWD,EMAIL,NICKNAME,ADDR,USER_TYPE,PHONE,POSTADDR1,POSTADDR2,POSTADDR3,PHONENUM1,PHONENUM2,PHONENUM3,FAILCNT) values ('USER_ID_1','User Name 1','2000-01-01','Female','password1','email1@example.com','Nickname1','Address 1','U','1234567890','Post Address 1 1','Post Address 2 1','Post Address 3 1','123-456-7891','987-654-3211','111-222-3331','0');
Insert into SYSTEM.ES_USER (USER_ID,USER_NAME,BIRTH_DATE,GENDER,PWD,EMAIL,NICKNAME,ADDR,USER_TYPE,PHONE,POSTADDR1,POSTADDR2,POSTADDR3,PHONENUM1,PHONENUM2,PHONENUM3,FAILCNT) values ('human','주소중간확인','2015-01-31','여성','dmstjr3316','kakk1122@naver.com','닉네임인영역','03180 서울 종로구 경교장길 5 상세한주소부분이에요','U','01052219974','03180','서울 종로구 경교장길 5','상세한주소부분이에요',null,null,null,'0');
Insert into SYSTEM.ES_USER (USER_ID,USER_NAME,BIRTH_DATE,GENDER,PWD,EMAIL,NICKNAME,ADDR,USER_TYPE,PHONE,POSTADDR1,POSTADDR2,POSTADDR3,PHONENUM1,PHONENUM2,PHONENUM3,FAILCNT) values ('kakkakka','전화번호','2000-01-15','여성','asdf','kakk54515@naver.com','3자리분할','04766 서울 성동구 서울숲길 17 상세주소','A','01055551111','04766','서울 성동구 서울숲길 17','상세주소','010','5555','1111','0');
Insert into SYSTEM.ES_USER (USER_ID,USER_NAME,BIRTH_DATE,GENDER,PWD,EMAIL,NICKNAME,ADDR,USER_TYPE,PHONE,POSTADDR1,POSTADDR2,POSTADDR3,PHONENUM1,PHONENUM2,PHONENUM3,FAILCNT) values ('admin','사람','2000-03-15','남성','dms3316','kakkumok@naver.com','사람인사람','21504 인천 남동구 백범로 455-1 더조은pc방','U','01054475447','21504','인천 남동구 백범로 455-1','더조은pc방','010','5447','5447','0');
Insert into SYSTEM.ES_USER (USER_ID,USER_NAME,BIRTH_DATE,GENDER,PWD,EMAIL,NICKNAME,ADDR,USER_TYPE,PHONE,POSTADDR1,POSTADDR2,POSTADDR3,PHONENUM1,PHONENUM2,PHONENUM3,FAILCNT) values ('USER_ID_2','User Name 2','2000-01-01','Male','password2','email2@example.com','Nickname2','Address 2','U','1234567890','Post Address 1 2','Post Address 2 2','Post Address 3 2','123-456-7892','987-654-3212','111-222-3332','0');
Insert into SYSTEM.ES_USER (USER_ID,USER_NAME,BIRTH_DATE,GENDER,PWD,EMAIL,NICKNAME,ADDR,USER_TYPE,PHONE,POSTADDR1,POSTADDR2,POSTADDR3,PHONENUM1,PHONENUM2,PHONENUM3,FAILCNT) values ('USER_ID_3','User Name 3','2000-01-01','Female','password3','email3@example.com','Nickname3','Address 3','U','1234567890','Post Address 1 3','Post Address 2 3','Post Address 3 3','123-456-7893','987-654-3213','111-222-3333','0');
Insert into SYSTEM.ES_USER (USER_ID,USER_NAME,BIRTH_DATE,GENDER,PWD,EMAIL,NICKNAME,ADDR,USER_TYPE,PHONE,POSTADDR1,POSTADDR2,POSTADDR3,PHONENUM1,PHONENUM2,PHONENUM3,FAILCNT) values ('USER_ID_4','User Name 4','2000-01-01','Male','password4','email4@example.com','Nickname4','Address 4','U','1234567890','Post Address 1 4','Post Address 2 4','Post Address 3 4','123-456-7894','987-654-3214','111-222-3334','0');
Insert into SYSTEM.ES_USER (USER_ID,USER_NAME,BIRTH_DATE,GENDER,PWD,EMAIL,NICKNAME,ADDR,USER_TYPE,PHONE,POSTADDR1,POSTADDR2,POSTADDR3,PHONENUM1,PHONENUM2,PHONENUM3,FAILCNT) values ('USER_ID_5','User Name 5','2000-01-01','Female','password5','email5@example.com','Nickname5','Address 5','U','1234567890','Post Address 1 5','Post Address 2 5','Post Address 3 5','123-456-7895','987-654-3215','111-222-3335','0');
Insert into SYSTEM.ES_USER (USER_ID,USER_NAME,BIRTH_DATE,GENDER,PWD,EMAIL,NICKNAME,ADDR,USER_TYPE,PHONE,POSTADDR1,POSTADDR2,POSTADDR3,PHONENUM1,PHONENUM2,PHONENUM3,FAILCNT) values ('USER_ID_6','User Name 6','2000-01-01','Male','password6','email6@example.com','Nickname6','Address 6','U','1234567890','Post Address 1 6','Post Address 2 6','Post Address 3 6','123-456-7896','987-654-3216','111-222-3336','0');
Insert into SYSTEM.ES_USER (USER_ID,USER_NAME,BIRTH_DATE,GENDER,PWD,EMAIL,NICKNAME,ADDR,USER_TYPE,PHONE,POSTADDR1,POSTADDR2,POSTADDR3,PHONENUM1,PHONENUM2,PHONENUM3,FAILCNT) values ('USER_ID_7','User Name 7','2000-01-01','Female','password7','email7@example.com','Nickname7','Address 7','U','1234567890','Post Address 1 7','Post Address 2 7','Post Address 3 7','123-456-7897','987-654-3217','111-222-3337','0');
Insert into SYSTEM.ES_USER (USER_ID,USER_NAME,BIRTH_DATE,GENDER,PWD,EMAIL,NICKNAME,ADDR,USER_TYPE,PHONE,POSTADDR1,POSTADDR2,POSTADDR3,PHONENUM1,PHONENUM2,PHONENUM3,FAILCNT) values ('USER_ID_8','User Name 8','2000-01-01','Male','password8','email8@example.com','Nickname8','Address 8','U','1234567890','Post Address 1 8','Post Address 2 8','Post Address 3 8','123-456-7898','987-654-3218','111-222-3338','0');
Insert into SYSTEM.ES_USER (USER_ID,USER_NAME,BIRTH_DATE,GENDER,PWD,EMAIL,NICKNAME,ADDR,USER_TYPE,PHONE,POSTADDR1,POSTADDR2,POSTADDR3,PHONENUM1,PHONENUM2,PHONENUM3,FAILCNT) values ('USER_ID_9','User Name 9','2000-01-01','Female','password9','email9@example.com','Nickname9','Address 9','U','1234567890','Post Address 1 9','Post Address 2 9','Post Address 3 9','123-456-7899','987-654-3219','111-222-3339','0');
Insert into SYSTEM.ES_USER (USER_ID,USER_NAME,BIRTH_DATE,GENDER,PWD,EMAIL,NICKNAME,ADDR,USER_TYPE,PHONE,POSTADDR1,POSTADDR2,POSTADDR3,PHONENUM1,PHONENUM2,PHONENUM3,FAILCNT) values ('USER_ID_10','User Name 10','2000-01-01','Male','password10','email10@example.com','Nickname10','Address 10','U','1234567890','Post Address 1 10','Post Address 2 10','Post Address 3 10','123-456-78910','987-654-32110','111-222-33310','0');
Insert into SYSTEM.ES_USER (USER_ID,USER_NAME,BIRTH_DATE,GENDER,PWD,EMAIL,NICKNAME,ADDR,USER_TYPE,PHONE,POSTADDR1,POSTADDR2,POSTADDR3,PHONENUM1,PHONENUM2,PHONENUM3,FAILCNT) values ('USER_ID_11','User Name 11','2000-01-01','Female','password11','email11@example.com','Nickname11','Address 11','U','1234567890','Post Address 1 11','Post Address 2 11','Post Address 3 11','123-456-78911','987-654-32111','111-222-33311','0');
Insert into SYSTEM.ES_USER (USER_ID,USER_NAME,BIRTH_DATE,GENDER,PWD,EMAIL,NICKNAME,ADDR,USER_TYPE,PHONE,POSTADDR1,POSTADDR2,POSTADDR3,PHONENUM1,PHONENUM2,PHONENUM3,FAILCNT) values ('USER_ID_12','User Name 12','2000-01-01','Male','password12','email12@example.com','Nickname12','Address 12','U','1234567890','Post Address 1 12','Post Address 2 12','Post Address 3 12','123-456-78912','987-654-32112','111-222-33312','0');
Insert into SYSTEM.ES_USER (USER_ID,USER_NAME,BIRTH_DATE,GENDER,PWD,EMAIL,NICKNAME,ADDR,USER_TYPE,PHONE,POSTADDR1,POSTADDR2,POSTADDR3,PHONENUM1,PHONENUM2,PHONENUM3,FAILCNT) values ('USER_ID_13','User Name 13','2000-01-01','Female','password13','email13@example.com','Nickname13','Address 13','U','1234567890','Post Address 1 13','Post Address 2 13','Post Address 3 13','123-456-78913','987-654-32113','111-222-33313','0');
Insert into SYSTEM.ES_USER (USER_ID,USER_NAME,BIRTH_DATE,GENDER,PWD,EMAIL,NICKNAME,ADDR,USER_TYPE,PHONE,POSTADDR1,POSTADDR2,POSTADDR3,PHONENUM1,PHONENUM2,PHONENUM3,FAILCNT) values ('USER_ID_14','User Name 14','2000-01-01','Male','password14','email14@example.com','Nickname14','Address 14','U','1234567890','Post Address 1 14','Post Address 2 14','Post Address 3 14','123-456-78914','987-654-32114','111-222-33314','0');
Insert into SYSTEM.ES_USER (USER_ID,USER_NAME,BIRTH_DATE,GENDER,PWD,EMAIL,NICKNAME,ADDR,USER_TYPE,PHONE,POSTADDR1,POSTADDR2,POSTADDR3,PHONENUM1,PHONENUM2,PHONENUM3,FAILCNT) values ('USER_ID_15','User Name 15','2000-01-01','Female','password15','email15@example.com','Nickname15','Address 15','U','1234567890','Post Address 1 15','Post Address 2 15','Post Address 3 15','123-456-78915','987-654-32115','111-222-33315','0');
Insert into SYSTEM.ES_USER (USER_ID,USER_NAME,BIRTH_DATE,GENDER,PWD,EMAIL,NICKNAME,ADDR,USER_TYPE,PHONE,POSTADDR1,POSTADDR2,POSTADDR3,PHONENUM1,PHONENUM2,PHONENUM3,FAILCNT) values ('USER_ID_16','User Name 16','2000-01-01','Male','password16','email16@example.com','Nickname16','Address 16','U','1234567890','Post Address 1 16','Post Address 2 16','Post Address 3 16','123-456-78916','987-654-32116','111-222-33316','0');
Insert into SYSTEM.ES_USER (USER_ID,USER_NAME,BIRTH_DATE,GENDER,PWD,EMAIL,NICKNAME,ADDR,USER_TYPE,PHONE,POSTADDR1,POSTADDR2,POSTADDR3,PHONENUM1,PHONENUM2,PHONENUM3,FAILCNT) values ('USER_ID_17','User Name 17','2000-01-01','Female','password17','email17@example.com','Nickname17','Address 17','U','1234567890','Post Address 1 17','Post Address 2 17','Post Address 3 17','123-456-78917','987-654-32117','111-222-33317','0');
Insert into SYSTEM.ES_USER (USER_ID,USER_NAME,BIRTH_DATE,GENDER,PWD,EMAIL,NICKNAME,ADDR,USER_TYPE,PHONE,POSTADDR1,POSTADDR2,POSTADDR3,PHONENUM1,PHONENUM2,PHONENUM3,FAILCNT) values ('USER_ID_18','User Name 18','2000-01-01','Male','password18','email18@example.com','Nickname18','Address 18','U','1234567890','Post Address 1 18','Post Address 2 18','Post Address 3 18','123-456-78918','987-654-32118','111-222-33318','0');
Insert into SYSTEM.ES_USER (USER_ID,USER_NAME,BIRTH_DATE,GENDER,PWD,EMAIL,NICKNAME,ADDR,USER_TYPE,PHONE,POSTADDR1,POSTADDR2,POSTADDR3,PHONENUM1,PHONENUM2,PHONENUM3,FAILCNT) values ('USER_ID_19','User Name 19','2000-01-01','Female','password19','email19@example.com','Nickname19','Address 19','U','1234567890','Post Address 1 19','Post Address 2 19','Post Address 3 19','123-456-78919','987-654-32119','111-222-33319','0');
Insert into SYSTEM.ES_USER (USER_ID,USER_NAME,BIRTH_DATE,GENDER,PWD,EMAIL,NICKNAME,ADDR,USER_TYPE,PHONE,POSTADDR1,POSTADDR2,POSTADDR3,PHONENUM1,PHONENUM2,PHONENUM3,FAILCNT) values ('USER_ID_20','User Name 20','2000-01-01','Male','password20','email20@example.com','Nickname20','Address 20','U','1234567890','Post Address 1 20','Post Address 2 20','Post Address 3 20','123-456-78920','987-654-32120','111-222-33320','0');
Insert into SYSTEM.ES_USER (USER_ID,USER_NAME,BIRTH_DATE,GENDER,PWD,EMAIL,NICKNAME,ADDR,USER_TYPE,PHONE,POSTADDR1,POSTADDR2,POSTADDR3,PHONENUM1,PHONENUM2,PHONENUM3,FAILCNT) values ('asdfrg','관리자','2000-01-10','남성','asdf','asdfrg@n.c','관리자','14403 경기 부천시 오정구 고강로 3 1555','A','01051111111','14403','경기 부천시 오정구 고강로 3','1555','010','5111','1111','0');
Insert into SYSTEM.ES_USER (USER_ID,USER_NAME,BIRTH_DATE,GENDER,PWD,EMAIL,NICKNAME,ADDR,USER_TYPE,PHONE,POSTADDR1,POSTADDR2,POSTADDR3,PHONENUM1,PHONENUM2,PHONENUM3,FAILCNT) values ('asdfasdfsa','이동재','2000-01-12','여성','asdf','asdf@n.A','동재에요','21504 인천 남동구 백범로 455-1 ㅁㄴㅇㄹ','U','01055551113','21504','인천 남동구 백범로 455-1','ㅁㄴㅇㄹ','010','5555','1113','0');
--------------------------------------------------------
--  DDL for Index es_comment_PK
--------------------------------------------------------

  CREATE UNIQUE INDEX "SYSTEM"."es_comment_PK" ON "SYSTEM"."ES_COMMENT" ("CMT_ID") 
  PCTFREE 10 INITRANS 2 MAXTRANS 255 COMPUTE STATISTICS 
  STORAGE(INITIAL 65536 NEXT 1048576 MINEXTENTS 1 MAXEXTENTS 2147483645
  PCTINCREASE 0 FREELISTS 1 FREELIST GROUPS 1
  BUFFER_POOL DEFAULT FLASH_CACHE DEFAULT CELL_FLASH_CACHE DEFAULT)
  TABLESPACE "SYSTEM" ;
--------------------------------------------------------
--  DDL for Index SYS_C007540
--------------------------------------------------------

  CREATE UNIQUE INDEX "SYSTEM"."SYS_C007540" ON "SYSTEM"."ES_NOTICE" ("POST_ID") 
  PCTFREE 10 INITRANS 2 MAXTRANS 255 
  STORAGE(INITIAL 65536 NEXT 1048576 MINEXTENTS 1 MAXEXTENTS 2147483645
  PCTINCREASE 0 FREELISTS 1 FREELIST GROUPS 1
  BUFFER_POOL DEFAULT FLASH_CACHE DEFAULT CELL_FLASH_CACHE DEFAULT)
  TABLESPACE "SYSTEM" ;
--------------------------------------------------------
--  DDL for Index SYS_C007534
--------------------------------------------------------

  CREATE UNIQUE INDEX "SYSTEM"."SYS_C007534" ON "SYSTEM"."ES_SERVICE" ("POST_ID") 
  PCTFREE 10 INITRANS 2 MAXTRANS 255 COMPUTE STATISTICS 
  STORAGE(INITIAL 65536 NEXT 1048576 MINEXTENTS 1 MAXEXTENTS 2147483645
  PCTINCREASE 0 FREELISTS 1 FREELIST GROUPS 1
  BUFFER_POOL DEFAULT FLASH_CACHE DEFAULT CELL_FLASH_CACHE DEFAULT)
  TABLESPACE "SYSTEM" ;
--------------------------------------------------------
--  DDL for Index SYS_C007527
--------------------------------------------------------

  CREATE UNIQUE INDEX "SYSTEM"."SYS_C007527" ON "SYSTEM"."ES_USER" ("USER_ID") 
  PCTFREE 10 INITRANS 2 MAXTRANS 255 COMPUTE STATISTICS 
  STORAGE(INITIAL 65536 NEXT 1048576 MINEXTENTS 1 MAXEXTENTS 2147483645
  PCTINCREASE 0 FREELISTS 1 FREELIST GROUPS 1
  BUFFER_POOL DEFAULT FLASH_CACHE DEFAULT CELL_FLASH_CACHE DEFAULT)
  TABLESPACE "SYSTEM" ;
--------------------------------------------------------
--  DDL for Index SYS_C007528
--------------------------------------------------------

  CREATE UNIQUE INDEX "SYSTEM"."SYS_C007528" ON "SYSTEM"."ES_USER" ("EMAIL") 
  PCTFREE 10 INITRANS 2 MAXTRANS 255 COMPUTE STATISTICS 
  STORAGE(INITIAL 65536 NEXT 1048576 MINEXTENTS 1 MAXEXTENTS 2147483645
  PCTINCREASE 0 FREELISTS 1 FREELIST GROUPS 1
  BUFFER_POOL DEFAULT FLASH_CACHE DEFAULT CELL_FLASH_CACHE DEFAULT)
  TABLESPACE "SYSTEM" ;
--------------------------------------------------------
--  Constraints for Table ES_COMMENT
--------------------------------------------------------

  ALTER TABLE "SYSTEM"."ES_COMMENT" MODIFY ("TITLE" NOT NULL ENABLE);
  ALTER TABLE "SYSTEM"."ES_COMMENT" MODIFY ("CMT_ID" NOT NULL ENABLE);
  ALTER TABLE "SYSTEM"."ES_COMMENT" ADD CONSTRAINT "es_comment_PK" PRIMARY KEY ("CMT_ID")
  USING INDEX PCTFREE 10 INITRANS 2 MAXTRANS 255 COMPUTE STATISTICS 
  STORAGE(INITIAL 65536 NEXT 1048576 MINEXTENTS 1 MAXEXTENTS 2147483645
  PCTINCREASE 0 FREELISTS 1 FREELIST GROUPS 1
  BUFFER_POOL DEFAULT FLASH_CACHE DEFAULT CELL_FLASH_CACHE DEFAULT)
  TABLESPACE "SYSTEM"  ENABLE;
--------------------------------------------------------
--  Constraints for Table ES_NOTICE
--------------------------------------------------------

  ALTER TABLE "SYSTEM"."ES_NOTICE" ADD PRIMARY KEY ("POST_ID")
  USING INDEX PCTFREE 10 INITRANS 2 MAXTRANS 255 
  STORAGE(INITIAL 65536 NEXT 1048576 MINEXTENTS 1 MAXEXTENTS 2147483645
  PCTINCREASE 0 FREELISTS 1 FREELIST GROUPS 1
  BUFFER_POOL DEFAULT FLASH_CACHE DEFAULT CELL_FLASH_CACHE DEFAULT)
  TABLESPACE "SYSTEM"  ENABLE;
--------------------------------------------------------
--  Constraints for Table ES_SERVICE
--------------------------------------------------------

  ALTER TABLE "SYSTEM"."ES_SERVICE" MODIFY ("TITLE" NOT NULL ENABLE);
  ALTER TABLE "SYSTEM"."ES_SERVICE" ADD PRIMARY KEY ("POST_ID")
  USING INDEX PCTFREE 10 INITRANS 2 MAXTRANS 255 COMPUTE STATISTICS 
  STORAGE(INITIAL 65536 NEXT 1048576 MINEXTENTS 1 MAXEXTENTS 2147483645
  PCTINCREASE 0 FREELISTS 1 FREELIST GROUPS 1
  BUFFER_POOL DEFAULT FLASH_CACHE DEFAULT CELL_FLASH_CACHE DEFAULT)
  TABLESPACE "SYSTEM"  ENABLE;
--------------------------------------------------------
--  Constraints for Table ES_USER
--------------------------------------------------------

  ALTER TABLE "SYSTEM"."ES_USER" MODIFY ("USER_NAME" NOT NULL ENABLE);
  ALTER TABLE "SYSTEM"."ES_USER" MODIFY ("PWD" NOT NULL ENABLE);
  ALTER TABLE "SYSTEM"."ES_USER" MODIFY ("EMAIL" NOT NULL ENABLE);
  ALTER TABLE "SYSTEM"."ES_USER" ADD PRIMARY KEY ("USER_ID")
  USING INDEX PCTFREE 10 INITRANS 2 MAXTRANS 255 COMPUTE STATISTICS 
  STORAGE(INITIAL 65536 NEXT 1048576 MINEXTENTS 1 MAXEXTENTS 2147483645
  PCTINCREASE 0 FREELISTS 1 FREELIST GROUPS 1
  BUFFER_POOL DEFAULT FLASH_CACHE DEFAULT CELL_FLASH_CACHE DEFAULT)
  TABLESPACE "SYSTEM"  ENABLE;
  ALTER TABLE "SYSTEM"."ES_USER" ADD UNIQUE ("EMAIL")
  USING INDEX PCTFREE 10 INITRANS 2 MAXTRANS 255 COMPUTE STATISTICS 
  STORAGE(INITIAL 65536 NEXT 1048576 MINEXTENTS 1 MAXEXTENTS 2147483645
  PCTINCREASE 0 FREELISTS 1 FREELIST GROUPS 1
  BUFFER_POOL DEFAULT FLASH_CACHE DEFAULT CELL_FLASH_CACHE DEFAULT)
  TABLESPACE "SYSTEM"  ENABLE;
  ALTER TABLE "SYSTEM"."ES_USER" ADD CONSTRAINT "CHK_USER_TYPE" CHECK (user_type IN ('U', 'A')) ENABLE;
--------------------------------------------------------
--  Ref Constraints for Table ES_SERVICE
--------------------------------------------------------

  ALTER TABLE "SYSTEM"."ES_SERVICE" ADD FOREIGN KEY ("USER_ID")
	  REFERENCES "SYSTEM"."ES_USER" ("USER_ID") ENABLE;
