--------------------------------------------------------
--  파일이 생성됨 - 화요일-2월-06-2024   
--------------------------------------------------------
--------------------------------------------------------
--  DDL for Table ES_COMMENT
--------------------------------------------------------

  CREATE TABLE "SYSTEM"."ES_COMMENT" 
   (	"TITLE" VARCHAR2(100 BYTE), 
	"CONTENT" CLOB, 
	"USER_ID" VARCHAR2(30 BYTE), 
	"POST_DATE" TIMESTAMP (6), 
	"LAST_MODIFIED_DATE" TIMESTAMP (6), 
	"NICKNAME" VARCHAR2(40 BYTE), 
	"CMT_ID" NUMBER, 
	"POST_ID" NUMBER
   ) PCTFREE 10 PCTUSED 40 INITRANS 1 MAXTRANS 255 
 NOCOMPRESS LOGGING
  STORAGE(INITIAL 65536 NEXT 1048576 MINEXTENTS 1 MAXEXTENTS 2147483645
  PCTINCREASE 0 FREELISTS 1 FREELIST GROUPS 1
  BUFFER_POOL DEFAULT FLASH_CACHE DEFAULT CELL_FLASH_CACHE DEFAULT)
  TABLESPACE "SYSTEM" 
 LOB ("CONTENT") STORE AS BASICFILE (
  TABLESPACE "SYSTEM" ENABLE STORAGE IN ROW CHUNK 8192 RETENTION 
  NOCACHE LOGGING 
  STORAGE(INITIAL 65536 NEXT 1048576 MINEXTENTS 1 MAXEXTENTS 2147483645
  PCTINCREASE 0 FREELISTS 1 FREELIST GROUPS 1
  BUFFER_POOL DEFAULT FLASH_CACHE DEFAULT CELL_FLASH_CACHE DEFAULT)) ;
--------------------------------------------------------
--  DDL for Table ES_NOTICE
--------------------------------------------------------

  CREATE TABLE "SYSTEM"."ES_NOTICE" 
   (	"POST_ID" NUMBER, 
	"TITLE" VARCHAR2(100 BYTE), 
	"CONTENT" CLOB, 
	"USER_ID" VARCHAR2(30 BYTE), 
	"POST_DATE" TIMESTAMP (6) DEFAULT CURRENT_TIMESTAMP, 
	"LAST_MODIFIED_DATE" TIMESTAMP (6) DEFAULT CURRENT_TIMESTAMP, 
	"NICKNAME" VARCHAR2(40 BYTE)
   ) PCTFREE 10 PCTUSED 40 INITRANS 1 MAXTRANS 255 
 NOCOMPRESS LOGGING
  STORAGE(INITIAL 65536 NEXT 1048576 MINEXTENTS 1 MAXEXTENTS 2147483645
  PCTINCREASE 0 FREELISTS 1 FREELIST GROUPS 1
  BUFFER_POOL DEFAULT FLASH_CACHE DEFAULT CELL_FLASH_CACHE DEFAULT)
  TABLESPACE "SYSTEM" 
 LOB ("CONTENT") STORE AS BASICFILE (
  TABLESPACE "SYSTEM" ENABLE STORAGE IN ROW CHUNK 8192 RETENTION 
  NOCACHE LOGGING 
  STORAGE(INITIAL 65536 NEXT 1048576 MINEXTENTS 1 MAXEXTENTS 2147483645
  PCTINCREASE 0 FREELISTS 1 FREELIST GROUPS 1
  BUFFER_POOL DEFAULT FLASH_CACHE DEFAULT CELL_FLASH_CACHE DEFAULT)) ;
--------------------------------------------------------
--  DDL for Table ES_SERVICE
--------------------------------------------------------

  CREATE TABLE "SYSTEM"."ES_SERVICE" 
   (	"POST_ID" NUMBER, 
	"TITLE" VARCHAR2(100 BYTE), 
	"CONTENT" CLOB, 
	"USER_ID" VARCHAR2(30 BYTE), 
	"POST_DATE" TIMESTAMP (6) DEFAULT CURRENT_TIMESTAMP, 
	"LAST_MODIFIED_DATE" TIMESTAMP (6) DEFAULT CURRENT_TIMESTAMP, 
	"STATUS" VARCHAR2(20 BYTE) DEFAULT '처리전', 
	"INQUIRY_TYPE" VARCHAR2(50 BYTE), 
	"NICKNAME" VARCHAR2(40 BYTE)
   ) PCTFREE 10 PCTUSED 40 INITRANS 1 MAXTRANS 255 
 NOCOMPRESS LOGGING
  STORAGE(INITIAL 65536 NEXT 1048576 MINEXTENTS 1 MAXEXTENTS 2147483645
  PCTINCREASE 0 FREELISTS 1 FREELIST GROUPS 1
  BUFFER_POOL DEFAULT FLASH_CACHE DEFAULT CELL_FLASH_CACHE DEFAULT)
  TABLESPACE "SYSTEM" 
 LOB ("CONTENT") STORE AS BASICFILE (
  TABLESPACE "SYSTEM" ENABLE STORAGE IN ROW CHUNK 8192 RETENTION 
  NOCACHE LOGGING 
  STORAGE(INITIAL 65536 NEXT 1048576 MINEXTENTS 1 MAXEXTENTS 2147483645
  PCTINCREASE 0 FREELISTS 1 FREELIST GROUPS 1
  BUFFER_POOL DEFAULT FLASH_CACHE DEFAULT CELL_FLASH_CACHE DEFAULT)) ;
--------------------------------------------------------
--  DDL for Table ES_USER
--------------------------------------------------------

  CREATE TABLE "SYSTEM"."ES_USER" 
   (	"USER_ID" VARCHAR2(30 BYTE), 
	"USER_NAME" VARCHAR2(50 BYTE), 
	"BIRTH_DATE" VARCHAR2(10 BYTE), 
	"GENDER" VARCHAR2(10 BYTE), 
	"PWD" VARCHAR2(25 BYTE), 
	"EMAIL" VARCHAR2(50 BYTE), 
	"NICKNAME" VARCHAR2(50 BYTE), 
	"ADDR" VARCHAR2(255 BYTE), 
	"USER_TYPE" CHAR(1 BYTE) DEFAULT 'U', 
	"PHONE" VARCHAR2(15 BYTE), 
	"POSTADDR1" VARCHAR2(255 BYTE), 
	"POSTADDR2" VARCHAR2(255 BYTE), 
	"POSTADDR3" VARCHAR2(255 BYTE), 
	"PHONENUM1" VARCHAR2(20 BYTE), 
	"PHONENUM2" VARCHAR2(20 BYTE), 
	"PHONENUM3" VARCHAR2(20 BYTE), 
	"FAILCNT" VARCHAR2(20 BYTE) DEFAULT 0
   ) PCTFREE 10 PCTUSED 40 INITRANS 1 MAXTRANS 255 
 NOCOMPRESS LOGGING
  STORAGE(INITIAL 65536 NEXT 1048576 MINEXTENTS 1 MAXEXTENTS 2147483645
  PCTINCREASE 0 FREELISTS 1 FREELIST GROUPS 1
  BUFFER_POOL DEFAULT FLASH_CACHE DEFAULT CELL_FLASH_CACHE DEFAULT)
  TABLESPACE "SYSTEM" ;
REM INSERTING into SYSTEM.ES_COMMENT
SET DEFINE OFF;
Insert into SYSTEM.ES_COMMENT (TITLE,USER_ID,POST_DATE,LAST_MODIFIED_DATE,NICKNAME,CMT_ID,POST_ID) values ('답변이라구~','kakkakka',to_timestamp('24/02/06 11:36:16.000000000','RR/MM/DD HH24:MI:SSXFF'),to_timestamp('24/02/06 11:36:16.000000000','RR/MM/DD HH24:MI:SSXFF'),'3자리분할',4,2);
Insert into SYSTEM.ES_COMMENT (TITLE,USER_ID,POST_DATE,LAST_MODIFIED_DATE,NICKNAME,CMT_ID,POST_ID) values ('답병답병답병','kakkakka',to_timestamp('24/02/06 12:40:08.000000000','RR/MM/DD HH24:MI:SSXFF'),to_timestamp('24/02/06 12:40:08.000000000','RR/MM/DD HH24:MI:SSXFF'),'3자리분할',5,32);
Insert into SYSTEM.ES_COMMENT (TITLE,USER_ID,POST_DATE,LAST_MODIFIED_DATE,NICKNAME,CMT_ID,POST_ID) values ('사람인 사람이 올린 문의글에 대한 답변입니다.','kakkakka',to_timestamp('24/02/06 11:34:33.000000000','RR/MM/DD HH24:MI:SSXFF'),to_timestamp('24/02/06 11:34:33.000000000','RR/MM/DD HH24:MI:SSXFF'),'3자리분할',3,3);
REM INSERTING into SYSTEM.ES_NOTICE
SET DEFINE OFF;
Insert into SYSTEM.ES_NOTICE (POST_ID,TITLE,USER_ID,POST_DATE,LAST_MODIFIED_DATE,NICKNAME) values (4,'주호민 특수 교사 항소 “주씨 사실 왜곡… 금전요구 발언 안 해”','kakkakka',to_timestamp('24/02/06 14:19:41.690000000','RR/MM/DD HH24:MI:SSXFF'),to_timestamp('24/02/06 14:19:41.690000000','RR/MM/DD HH24:MI:SSXFF'),'3자리분할');
Insert into SYSTEM.ES_NOTICE (POST_ID,TITLE,USER_ID,POST_DATE,LAST_MODIFIED_DATE,NICKNAME) values (3,'정부 업무평가 ‘잼버리 책임’ 여가부·‘오송 참사’ 행복청 C등급','kakkakka',to_timestamp('24/02/06 13:14:34.754000000','RR/MM/DD HH24:MI:SSXFF'),to_timestamp('24/02/06 13:14:34.754000000','RR/MM/DD HH24:MI:SSXFF'),'3자리분할');
REM INSERTING into SYSTEM.ES_SERVICE
SET DEFINE OFF;
Insert into SYSTEM.ES_SERVICE (POST_ID,TITLE,USER_ID,POST_DATE,LAST_MODIFIED_DATE,STATUS,INQUIRY_TYPE,NICKNAME) values (39,'해줭~','admin',to_timestamp('24/02/06 11:57:04.084000000','RR/MM/DD HH24:MI:SSXFF'),to_timestamp('24/02/06 11:57:04.084000000','RR/MM/DD HH24:MI:SSXFF'),'처리전','상품문의','사람인사람');
Insert into SYSTEM.ES_SERVICE (POST_ID,TITLE,USER_ID,POST_DATE,LAST_MODIFIED_DATE,STATUS,INQUIRY_TYPE,NICKNAME) values (2,'안녕','human',to_timestamp('24/02/05 14:48:39.451000000','RR/MM/DD HH24:MI:SSXFF'),to_timestamp('24/02/05 14:48:39.451000000','RR/MM/DD HH24:MI:SSXFF'),'처리완료','상품문의','사람인사람');
Insert into SYSTEM.ES_SERVICE (POST_ID,TITLE,USER_ID,POST_DATE,LAST_MODIFIED_DATE,STATUS,INQUIRY_TYPE,NICKNAME) values (3,'안녕~~','human',to_timestamp('24/02/05 14:56:30.272000000','RR/MM/DD HH24:MI:SSXFF'),to_timestamp('24/02/05 14:56:30.272000000','RR/MM/DD HH24:MI:SSXFF'),'처리완료','상품문의','사람인사람');
Insert into SYSTEM.ES_SERVICE (POST_ID,TITLE,USER_ID,POST_DATE,LAST_MODIFIED_DATE,STATUS,INQUIRY_TYPE,NICKNAME) values (4,'상품문의 제목','human',to_timestamp('24/02/05 15:33:12.827000000','RR/MM/DD HH24:MI:SSXFF'),to_timestamp('24/02/05 15:33:12.827000000','RR/MM/DD HH24:MI:SSXFF'),'처리전','상품문의','닉네임인영역');
Insert into SYSTEM.ES_SERVICE (POST_ID,TITLE,USER_ID,POST_DATE,LAST_MODIFIED_DATE,STATUS,INQUIRY_TYPE,NICKNAME) values (17,'더미 제목 12','kakkakka',to_timestamp('24/02/05 15:44:43.939000000','RR/MM/DD HH24:MI:SSXFF'),to_timestamp('24/02/05 15:44:43.939000000','RR/MM/DD HH24:MI:SSXFF'),'처리전','주문/결제 문의','3자리분할');
Insert into SYSTEM.ES_SERVICE (POST_ID,TITLE,USER_ID,POST_DATE,LAST_MODIFIED_DATE,STATUS,INQUIRY_TYPE,NICKNAME) values (30,'더미 제목 25','kakkakka',to_timestamp('24/02/05 15:44:43.940000000','RR/MM/DD HH24:MI:SSXFF'),to_timestamp('24/02/05 15:44:43.940000000','RR/MM/DD HH24:MI:SSXFF'),'처리전','주문/결제 문의','3자리분할');
Insert into SYSTEM.ES_SERVICE (POST_ID,TITLE,USER_ID,POST_DATE,LAST_MODIFIED_DATE,STATUS,INQUIRY_TYPE,NICKNAME) values (31,'더미 제목 26','kakkakka',to_timestamp('24/02/05 15:44:43.940000000','RR/MM/DD HH24:MI:SSXFF'),to_timestamp('24/02/05 15:44:43.940000000','RR/MM/DD HH24:MI:SSXFF'),'처리전','주문/결제 문의','3자리분할');
Insert into SYSTEM.ES_SERVICE (POST_ID,TITLE,USER_ID,POST_DATE,LAST_MODIFIED_DATE,STATUS,INQUIRY_TYPE,NICKNAME) values (32,'더미 제목 27','kakkakka',to_timestamp('24/02/05 15:44:43.940000000','RR/MM/DD HH24:MI:SSXFF'),to_timestamp('24/02/05 15:44:43.940000000','RR/MM/DD HH24:MI:SSXFF'),'처리완료','주문/결제 문의','3자리분할');
Insert into SYSTEM.ES_SERVICE (POST_ID,TITLE,USER_ID,POST_DATE,LAST_MODIFIED_DATE,STATUS,INQUIRY_TYPE,NICKNAME) values (33,'더미 제목 28','kakkakka',to_timestamp('24/02/05 15:44:43.941000000','RR/MM/DD HH24:MI:SSXFF'),to_timestamp('24/02/05 15:44:43.941000000','RR/MM/DD HH24:MI:SSXFF'),'처리전','주문/결제 문의','3자리분할');
Insert into SYSTEM.ES_SERVICE (POST_ID,TITLE,USER_ID,POST_DATE,LAST_MODIFIED_DATE,STATUS,INQUIRY_TYPE,NICKNAME) values (34,'더미 제목 29','kakkakka',to_timestamp('24/02/05 15:44:43.941000000','RR/MM/DD HH24:MI:SSXFF'),to_timestamp('24/02/05 15:44:43.941000000','RR/MM/DD HH24:MI:SSXFF'),'처리전','주문/결제 문의','3자리분할');
Insert into SYSTEM.ES_SERVICE (POST_ID,TITLE,USER_ID,POST_DATE,LAST_MODIFIED_DATE,STATUS,INQUIRY_TYPE,NICKNAME) values (35,'더미 제목 30','kakkakka',to_timestamp('24/02/05 15:44:43.941000000','RR/MM/DD HH24:MI:SSXFF'),to_timestamp('24/02/05 15:44:43.941000000','RR/MM/DD HH24:MI:SSXFF'),'처리전','주문/결제 문의','3자리분할');
Insert into SYSTEM.ES_SERVICE (POST_ID,TITLE,USER_ID,POST_DATE,LAST_MODIFIED_DATE,STATUS,INQUIRY_TYPE,NICKNAME) values (36,'더미 제목 1','admin',to_timestamp('24/02/05 17:49:32.385000000','RR/MM/DD HH24:MI:SSXFF'),to_timestamp('24/02/05 17:49:32.385000000','RR/MM/DD HH24:MI:SSXFF'),'처리전','상품문의','사람인사람');
Insert into SYSTEM.ES_SERVICE (POST_ID,TITLE,USER_ID,POST_DATE,LAST_MODIFIED_DATE,STATUS,INQUIRY_TYPE,NICKNAME) values (38,'주문 결제에요','admin',to_timestamp('24/02/06 09:41:32.221000000','RR/MM/DD HH24:MI:SSXFF'),to_timestamp('24/02/06 09:41:32.221000000','RR/MM/DD HH24:MI:SSXFF'),'처리전','주문/결제 문의','사람인사람');
REM INSERTING into SYSTEM.ES_USER
SET DEFINE OFF;
Insert into SYSTEM.ES_USER (USER_ID,USER_NAME,BIRTH_DATE,GENDER,PWD,EMAIL,NICKNAME,ADDR,USER_TYPE,PHONE,POSTADDR1,POSTADDR2,POSTADDR3,PHONENUM1,PHONENUM2,PHONENUM3,FAILCNT) values ('human','주소중간확인','2015-01-31','여성','dmstjr3316','kakk1122@naver.com','닉네임인영역','03180 서울 종로구 경교장길 5 상세한주소부분이에요','U','01052219974','03180','서울 종로구 경교장길 5','상세한주소부분이에요',null,null,null,'0');
Insert into SYSTEM.ES_USER (USER_ID,USER_NAME,BIRTH_DATE,GENDER,PWD,EMAIL,NICKNAME,ADDR,USER_TYPE,PHONE,POSTADDR1,POSTADDR2,POSTADDR3,PHONENUM1,PHONENUM2,PHONENUM3,FAILCNT) values ('kakkakka','전화번호','2000-01-15','여성','asdf','kakk54515@naver.com','3자리분할','04766 서울 성동구 서울숲길 17 상세주소','A','01055551111','04766','서울 성동구 서울숲길 17','상세주소','010','5555','1111','0');
Insert into SYSTEM.ES_USER (USER_ID,USER_NAME,BIRTH_DATE,GENDER,PWD,EMAIL,NICKNAME,ADDR,USER_TYPE,PHONE,POSTADDR1,POSTADDR2,POSTADDR3,PHONENUM1,PHONENUM2,PHONENUM3,FAILCNT) values ('admin','사람','2000-03-15','남성','dms3316','kakkumok@naver.com','사람인사람','21504 인천 남동구 백범로 455-1 더조은pc방','U','01054475447','21504','인천 남동구 백범로 455-1','더조은pc방','010','5447','5447','0');
--------------------------------------------------------
--  DDL for Index es_comment_PK
--------------------------------------------------------

  CREATE UNIQUE INDEX "SYSTEM"."es_comment_PK" ON "SYSTEM"."ES_COMMENT" ("CMT_ID") 
  PCTFREE 10 INITRANS 2 MAXTRANS 255 COMPUTE STATISTICS 
  STORAGE(INITIAL 65536 NEXT 1048576 MINEXTENTS 1 MAXEXTENTS 2147483645
  PCTINCREASE 0 FREELISTS 1 FREELIST GROUPS 1
  BUFFER_POOL DEFAULT FLASH_CACHE DEFAULT CELL_FLASH_CACHE DEFAULT)
  TABLESPACE "SYSTEM" ;
--------------------------------------------------------
--  DDL for Index SYS_C007540
--------------------------------------------------------

  CREATE UNIQUE INDEX "SYSTEM"."SYS_C007540" ON "SYSTEM"."ES_NOTICE" ("POST_ID") 
  PCTFREE 10 INITRANS 2 MAXTRANS 255 
  STORAGE(INITIAL 65536 NEXT 1048576 MINEXTENTS 1 MAXEXTENTS 2147483645
  PCTINCREASE 0 FREELISTS 1 FREELIST GROUPS 1
  BUFFER_POOL DEFAULT FLASH_CACHE DEFAULT CELL_FLASH_CACHE DEFAULT)
  TABLESPACE "SYSTEM" ;
--------------------------------------------------------
--  DDL for Index SYS_C007534
--------------------------------------------------------

  CREATE UNIQUE INDEX "SYSTEM"."SYS_C007534" ON "SYSTEM"."ES_SERVICE" ("POST_ID") 
  PCTFREE 10 INITRANS 2 MAXTRANS 255 COMPUTE STATISTICS 
  STORAGE(INITIAL 65536 NEXT 1048576 MINEXTENTS 1 MAXEXTENTS 2147483645
  PCTINCREASE 0 FREELISTS 1 FREELIST GROUPS 1
  BUFFER_POOL DEFAULT FLASH_CACHE DEFAULT CELL_FLASH_CACHE DEFAULT)
  TABLESPACE "SYSTEM" ;
--------------------------------------------------------
--  DDL for Index SYS_C007527
--------------------------------------------------------

  CREATE UNIQUE INDEX "SYSTEM"."SYS_C007527" ON "SYSTEM"."ES_USER" ("USER_ID") 
  PCTFREE 10 INITRANS 2 MAXTRANS 255 COMPUTE STATISTICS 
  STORAGE(INITIAL 65536 NEXT 1048576 MINEXTENTS 1 MAXEXTENTS 2147483645
  PCTINCREASE 0 FREELISTS 1 FREELIST GROUPS 1
  BUFFER_POOL DEFAULT FLASH_CACHE DEFAULT CELL_FLASH_CACHE DEFAULT)
  TABLESPACE "SYSTEM" ;
--------------------------------------------------------
--  DDL for Index SYS_C007528
--------------------------------------------------------

  CREATE UNIQUE INDEX "SYSTEM"."SYS_C007528" ON "SYSTEM"."ES_USER" ("EMAIL") 
  PCTFREE 10 INITRANS 2 MAXTRANS 255 COMPUTE STATISTICS 
  STORAGE(INITIAL 65536 NEXT 1048576 MINEXTENTS 1 MAXEXTENTS 2147483645
  PCTINCREASE 0 FREELISTS 1 FREELIST GROUPS 1
  BUFFER_POOL DEFAULT FLASH_CACHE DEFAULT CELL_FLASH_CACHE DEFAULT)
  TABLESPACE "SYSTEM" ;
--------------------------------------------------------
--  Constraints for Table ES_COMMENT
--------------------------------------------------------

  ALTER TABLE "SYSTEM"."ES_COMMENT" MODIFY ("TITLE" NOT NULL ENABLE);
  ALTER TABLE "SYSTEM"."ES_COMMENT" MODIFY ("CMT_ID" NOT NULL ENABLE);
  ALTER TABLE "SYSTEM"."ES_COMMENT" ADD CONSTRAINT "es_comment_PK" PRIMARY KEY ("CMT_ID")
  USING INDEX PCTFREE 10 INITRANS 2 MAXTRANS 255 COMPUTE STATISTICS 
  STORAGE(INITIAL 65536 NEXT 1048576 MINEXTENTS 1 MAXEXTENTS 2147483645
  PCTINCREASE 0 FREELISTS 1 FREELIST GROUPS 1
  BUFFER_POOL DEFAULT FLASH_CACHE DEFAULT CELL_FLASH_CACHE DEFAULT)
  TABLESPACE "SYSTEM"  ENABLE;
--------------------------------------------------------
--  Constraints for Table ES_NOTICE
--------------------------------------------------------

  ALTER TABLE "SYSTEM"."ES_NOTICE" ADD PRIMARY KEY ("POST_ID")
  USING INDEX PCTFREE 10 INITRANS 2 MAXTRANS 255 
  STORAGE(INITIAL 65536 NEXT 1048576 MINEXTENTS 1 MAXEXTENTS 2147483645
  PCTINCREASE 0 FREELISTS 1 FREELIST GROUPS 1
  BUFFER_POOL DEFAULT FLASH_CACHE DEFAULT CELL_FLASH_CACHE DEFAULT)
  TABLESPACE "SYSTEM"  ENABLE;
--------------------------------------------------------
--  Constraints for Table ES_SERVICE
--------------------------------------------------------

  ALTER TABLE "SYSTEM"."ES_SERVICE" MODIFY ("TITLE" NOT NULL ENABLE);
  ALTER TABLE "SYSTEM"."ES_SERVICE" ADD PRIMARY KEY ("POST_ID")
  USING INDEX PCTFREE 10 INITRANS 2 MAXTRANS 255 COMPUTE STATISTICS 
  STORAGE(INITIAL 65536 NEXT 1048576 MINEXTENTS 1 MAXEXTENTS 2147483645
  PCTINCREASE 0 FREELISTS 1 FREELIST GROUPS 1
  BUFFER_POOL DEFAULT FLASH_CACHE DEFAULT CELL_FLASH_CACHE DEFAULT)
  TABLESPACE "SYSTEM"  ENABLE;
--------------------------------------------------------
--  Constraints for Table ES_USER
--------------------------------------------------------

  ALTER TABLE "SYSTEM"."ES_USER" MODIFY ("USER_NAME" NOT NULL ENABLE);
  ALTER TABLE "SYSTEM"."ES_USER" MODIFY ("PWD" NOT NULL ENABLE);
  ALTER TABLE "SYSTEM"."ES_USER" MODIFY ("EMAIL" NOT NULL ENABLE);
  ALTER TABLE "SYSTEM"."ES_USER" ADD PRIMARY KEY ("USER_ID")
  USING INDEX PCTFREE 10 INITRANS 2 MAXTRANS 255 COMPUTE STATISTICS 
  STORAGE(INITIAL 65536 NEXT 1048576 MINEXTENTS 1 MAXEXTENTS 2147483645
  PCTINCREASE 0 FREELISTS 1 FREELIST GROUPS 1
  BUFFER_POOL DEFAULT FLASH_CACHE DEFAULT CELL_FLASH_CACHE DEFAULT)
  TABLESPACE "SYSTEM"  ENABLE;
  ALTER TABLE "SYSTEM"."ES_USER" ADD UNIQUE ("EMAIL")
  USING INDEX PCTFREE 10 INITRANS 2 MAXTRANS 255 COMPUTE STATISTICS 
  STORAGE(INITIAL 65536 NEXT 1048576 MINEXTENTS 1 MAXEXTENTS 2147483645
  PCTINCREASE 0 FREELISTS 1 FREELIST GROUPS 1
  BUFFER_POOL DEFAULT FLASH_CACHE DEFAULT CELL_FLASH_CACHE DEFAULT)
  TABLESPACE "SYSTEM"  ENABLE;
  ALTER TABLE "SYSTEM"."ES_USER" ADD CONSTRAINT "CHK_USER_TYPE" CHECK (user_type IN ('U', 'A')) ENABLE;
--------------------------------------------------------
--  Ref Constraints for Table ES_SERVICE
--------------------------------------------------------

  ALTER TABLE "SYSTEM"."ES_SERVICE" ADD FOREIGN KEY ("USER_ID")
	  REFERENCES "SYSTEM"."ES_USER" ("USER_ID") ENABLE;
